"top_topic_id","top_story_topic_annotation","cluster_name"
11,"Making Money","Cluster 1"
15,"Corporate Revenue & Transactions","Cluster 1"
37,"Corporate Tax","Cluster 1"
23,"C-Level Execs, Recruitment & Layoffs","Cluster 1"
3,"Geopolitics","Cluster 1"
17,"Lawmaking, Policy & Trump","Cluster 1"
43,"Payment Companies & Investments","Cluster 1"
9,"VC,IPOs & Money","Cluster 1"
50,"Government Surveillance","Cluster 1"
30,"Demographic Statistics","Cluster 1"
51,"Noisy Topic G","Cluster 1"
48,"Housing & Accom","Cluster 2"
22,"Japanese Tech.","Cluster 2"
35,"Generic articles Talking about Problems & The Past, a bit Noisy","Cluster 2"
21,"Noisy Topic B","Cluster 2"
20,"Movies & Entertainment","Cluster 2"
12,"Quitting Jobs & Toxic SV Culture","Cluster 2"
27,"Terrorism & General Crime","Cluster 2"
47,"Math, Simulations & Trading","Cluster 3"
53,"Functional Lagnuages","Cluster 3"
44,"Nosiy Topic E","Cluster 3"
6,"Rust Lang.","Cluster 3"
31,"Nosiy Topic C","Cluster 3"
40,"Ruby Lang.","Cluster 3"
33,"Interpreted Prog. Languages","Cluster 3"
57,"Concurrency & Parallel Programming","Cluster 3"
26,"Fast & Efficient Porgramming","Cluster 3"
77,"Nature, Animals & Insects","Cluster 4"
113,"Family Issues & Happiness","Cluster 4"
94,"Chess & Games & Board Games","Cluster 4"
85,"Noisy Topic K","Cluster 4"
110,"Noisy Topic Q","Cluster 5"
89,"Huawei & China","Cluster 5"
58,"Wikileaks & Law","Cluster 5"
71,"Corp. Lawsuits","Cluster 5"
