"","Label"
"1","point view channel youtub content"
"2","flight plane air boe pilot"
"3","countri india germani europ world"
"4","phone devic call android smartphon"
"5","life friend mind world advic"
"6","rust webassembl red swift runtim"
"7","materi glass plastic wast wood"
"8","earth moon land planet star"
"9","compani fund investor capit founder"
"10","editor edit guid emac studio"
"11","money peopl dollar million thousand"
"12","peopl decis lot problem fact"
"13","’ ’ve lot ’ll note"
"14","perform intel cpu processor core"
"15","market busi industri compani sale"
"16","univers scienc paper scientist author"
"17","bill trump presid administr congress"
"18","window linux command default directori"
"19","power energi electr batteri wind"
"20","film movi netflix stori writer"
"21","room home night morn door"
"22","photo face japan pictur photograph"
"23","compani employe busi ceo execut"
"24","browser firefox extens chrome mozilla"
"25","camera light graphic pixel frame"
"26","string charact express syntax loop"
"27","women men war john sex"
"28","email address mail notif permiss"
"29","result algorithm method step techniqu"
"30","percent — peopl survey half"
"31","level tabl section size entri"
"32","usb hardwar board drive devic"
"33","python compil interpret optim execut"
"34","che piac più con tweet"
"35","world histori – today societi"
"36","model train task distribut dataset"
"37","tax incom labor employ pay"
"38","studi peopl particip behavior sleep"
"39","key password authent encrypt hash"
"40","oper cost requir rubi rail"
"41","student school colleg univers class"
"42","client connect protocol dns port"
"43","price card bank credit payment"
"44","list action item host order"
"45","vote propos union elect board"
"46","engin qualiti part cycl process"
"47","type filter stream obj nana"
"48","citi york hous street resid"
"49","brain cell dna diseas blood"
"50","govern agenc law surveil agent"
"51","state unit transit ” part"
"52","issu bug error fix updat"
"53","function type return argument error"
"54","button mode window desktop interfac"
"55","review standard patent argument principl"
"56","packag github licens git repositori"
"57","process event thread task resourc"
"58","offic polic depart investig crime"
"59","problem solut challeng approach part"
"60","control limit speed cabl flow"
"61","idea month lot stuff bit"
"62","cloud servic storag kubernet contain"
"63","product experi busi analyt market"
"64","physic hole matter particl mass"
"65","minut date count sign clock"
"66","tree plant emiss climat air"
"67","https domain certif entiti wikipedia"
"68","group communiti organ member foundat"
"69","question programm answer languag term"
"70","media stori advertis articl sourc"
"71","law court copyright lawsuit complaint"
"72","space satellit mission rocket nasa"
"73","word english languag sentenc translat"
"74","inform privaci locat track servic"
"75","document articl content format archiv"
"76","appl mac iphon apple’ pro"
"77","anim fish bird speci human"
"78","interview manag question experi skill"
"79","car driver vehicl tesla uber"
"80","memori kernel instruct regist stack"
"81","facebook compani privaci instagram facebook’"
"82","googl microsoft google’ android play"
"83","post comment blog content reddit"
"84","featur support version option improv"
"85","” “ ’ — “’"
"86","object structur class properti set"
"87","modul compon html react css"
"88","map path graph node edg"
"89","china huawei ’ kong govern"
"90","imag copyright caption getti bbc"
"91","fire ship water ocean weather"
"92","music signal sound radio frequenc"
"93","input output layer chart notebook"
"94","player move world chess epic"
"95","secur attack vulner risk flaw"
"96","request respons http log load"
"97","technolog machin comput intellig ibm"
"98","color art font paint print"
"99","health drug patient hospit treatment"
"100","platform applic java ecosystem today"
"101","messag talk communic convers chat"
"102","home san area francisco california"
"103","databas queri index tabl postgresql"
"104","refer box cooki robot block"
"105","api json token spec bitcoin"
"106","rate number result measur factor"
"107","theori math mathemat equat curv"
"108","amazon compani deliveri tip shop"
"109","inform part knowledg form understand"
"110","month januari decemb februari april"
"111","side field piec head shape"
"112","number array matrix vector element"
"113","famili parent children age kid"
"114","food water health farm farmer"
